docs/work/python/matplotlib-cheat-sheet.md,2021-10-22
docs/work/python/pandas-cheat-sheet.md,2021-10-22
docs/work/python/pandas-read-tsv.md,2021-10-25
docs/work/javascript/fsevents-optional-dependencies.md,2022-03-16
docs/work/serverless/serverless-offline-https.md,2021-10-12
docs/work/sql/drop-existing-index.md,2021-05-08
docs/work/sql/which_sql_server_edition.md,2022-04-07
docs/work/sql/importing-tde-encrypted-backup.md,2021-05-18
docs/work/sql/add-user-to-role.md,2021-06-07
docs/work/sql/sequence.md,2021-06-03
docs/work/sql/enable-database-mail.md,2021-08-31
docs/work/vscode/terminal-buffer.md,2021-05-08
docs/work/teamcity/enable-symbol-server.md,2021-07-08
docs/work/terraform/build_sql_connection_string.md,2021-07-26
docs/work/terraform/stop-managing-resource.md,2021-07-30
docs/work/azure/advanced-waf-rules-in-terraform.md,2021-05-19
docs/work/azure/appliation-key-for-keyvault.md,2021-08-13
docs/work/azure/azure-functions-error.md,2022-04-07
docs/work/azure/azure-isolated-functions-config.md,2021-10-05
docs/work/azure/function-appinsights.md,2021-05-08
docs/work/azure/durable-entities.md,2021-05-20
docs/work/azure/Azure-service-bus-transports.md,2021-06-07
docs/work/azure/enable-azure-ad-based-SSO-for-snowflake.md,2021-07-06
docs/work/azure/install-azfileshybrid-powershell.md,2022-02-16
docs/work/azure/purge-cdn-in-devops.md,2022-01-27
docs/work/azure/app-services-on-vnet.md,2021-11-14
docs/work/azure/azure-automation.md,2021-06-24
docs/work/azure/static-app-settings.md,2021-07-26
docs/work/gcp/query-collections-in-big-table.md,2021-05-08
docs/work/web/storybook.md,2021-06-17
docs/work/web/vetur_cant_file_files.md,2021-07-24
docs/work/web/storybook-iframe-404.md,2021-07-29
docs/work/web/parsing-vue-router-parameters.md,2022-02-18
docs/work/web/jq.md,2021-05-11
docs/work/powerbi/choosing-power-bi.md,2021-11-19
docs/work/powerbi/RLS_with_power_bi.md,2021-10-22
docs/work/linux/vsftpd.md,2021-09-08
docs/work/windows/installing-fonts.md,2021-06-11
docs/work/windows/backblaze-exclude-node-modules.md,2022-02-20
docs/work/ruby/hash_nil.md,2021-11-24
docs/work/ruby/rubocop-issue.md,2022-03-18
docs/work/powershell/set-env-variable.md,2021-05-08
docs/work/powershell/set-timezone.md,2021-05-10
docs/work/powershell/download-file.md,2021-05-08
docs/work/powershell/creating-a-shortcut.md,2021-05-10
docs/work/redis/cheat-sheet.md,2022-04-04
docs/work/csharp/fibonacci.md,2021-10-05
docs/work/csharp/consuming-wsdl.md,2022-05-30
docs/work/csharp/reauth-nuget.md,2021-08-31
docs/work/csharp/datatable-filtering.md,2021-09-17
docs/work/NET/ngrok-aspnet.md,2021-10-25
docs/work/NET/xdt-transforms.md,2021-05-08
docs/work/NET/noda-time.md,2021-06-16
